session_id,label,stroke_idx,frame_idx,timestamp,fk_x,fk_y,fk_z,q_w,q_x,q_y,q_z
1774190838,C,1774190809,0,1774190838.5684304,-0.0136428363621234,0.502515435218811,0.0785036161541938,1.0,0.0,0.0,0.0
1774190838,C,1774190809,1,1774190838.5684686,-0.013598914258182,0.5024688243865967,0.078761450946331,1.0,0.0,0.0,0.0
1774190838,C,1774190809,2,1774190838.568486,-0.0135871730744838,0.5024460554122925,0.0788848847150802,1.0,0.0,0.0,0.0
1774190838,C,1774190809,3,1774190838.5685008,-0.0135817313566803,0.5024012327194214,0.0791252180933952,1.0,0.0,0.0,0.0
1774190838,C,1774190809,4,1774190838.5685158,-0.0135861756280064,0.5023554563522339,0.0793701037764549,1.0,0.0,0.0,0.0
1774190838,C,1774190809,5,1774190838.5685313,-0.0135884676128625,0.5023319125175476,0.0794958472251892,1.0,0.0,0.0,0.0
1774190838,C,1774190809,6,1774190838.5685458,-0.0136006940156221,0.5022851824760437,0.0797428712248802,1.0,0.0,0.0,0.0
1774190838,C,1774190809,7,1774190838.5685596,-0.0136130191385746,0.5022628307342529,0.0798587724566459,1.0,0.0,0.0,0.0
1774190838,C,1774190809,8,1774190838.5685744,-0.0136462012305855,0.5022173523902893,0.0800920203328132,1.0,0.0,0.0,0.0
1774190838,C,1774190809,9,1774190838.5685909,-0.0136934882029891,0.5021687746047974,0.0803382024168968,1.0,0.0,0.0,0.0
1774190838,C,1774190809,10,1774190838.568606,-0.0137725127860903,0.5021179914474487,0.0805897787213325,1.0,0.0,0.0,0.0
1774190838,C,1774190809,11,1774190838.5686233,-0.0138866696506738,0.5020713806152344,0.0808129087090492,1.0,0.0,0.0,0.0
1774190838,C,1774190809,12,1774190838.5686448,-0.0139682311564683,0.5020496845245361,0.0809093937277793,1.0,0.0,0.0,0.0
1774190838,C,1774190809,13,1774190838.5686648,-0.0142175545915961,0.502007782459259,0.081076294183731,1.0,0.0,0.0,0.0
1774190838,C,1774190809,14,1774190838.5686803,-0.0146479019895195,0.5019705891609192,0.0811818987131118,1.0,0.0,0.0,0.0
1774190838,C,1774190809,15,1774190838.5687065,-0.0149338543415069,0.5019531846046448,0.0812150165438652,1.0,0.0,0.0,0.0
1774190838,C,1774190809,16,1774190838.56875,-0.0156311895698308,0.5019214749336243,0.0812446326017379,1.0,0.0,0.0,0.0
1774190838,C,1774190809,17,1774190838.5688057,-0.0160292126238346,0.5019078254699707,0.0812377706170082,1.0,0.0,0.0,0.0
1774190838,C,1774190809,18,1774190838.5688438,-0.0168939176946878,0.5018855929374695,0.0811743065714836,1.0,0.0,0.0,0.0
1774190838,C,1774190809,19,1774190838.5688586,-0.0178402382880449,0.5018765926361084,0.0810174420475959,1.0,0.0,0.0,0.0
1774190838,C,1774190809,20,1774190838.5688715,-0.0188478007912635,0.5018923878669739,0.0807093903422355,1.0,0.0,0.0,0.0
1774190838,C,1774190809,21,1774190838.5688884,-0.0193717461079359,0.5019112229347229,0.0804874747991561,1.0,0.0,0.0,0.0
1774190838,C,1774190809,22,1774190838.5689027,-0.0204362776130437,0.5019624829292297,0.0799546316266059,1.0,0.0,0.0,0.0
1774190838,C,1774190809,23,1774190838.5689163,-0.0215641446411609,0.5020174384117126,0.0793741419911384,1.0,0.0,0.0,0.0
1774190838,C,1774190809,24,1774190838.5689309,-0.0221099015325307,0.5020419359207153,0.0791033282876014,1.0,0.0,0.0,0.0
1774190838,C,1774190809,25,1774190838.5689473,-0.0231377575546503,0.5020924210548401,0.0785563141107559,1.0,0.0,0.0,0.0
1774190838,C,1774190809,26,1774190838.5689652,-0.0236171651631593,0.502129316329956,0.0782189145684242,1.0,0.0,0.0,0.0
1774190838,C,1774190809,27,1774190838.568978,-0.0250080283731222,0.5023183822631836,0.076743833720684,1.0,0.0,0.0,0.0
1774190838,C,1774190809,28,1774190838.5689912,-0.0254329405725002,0.5024199485778809,0.0760408341884613,1.0,0.0,0.0,0.0
1774190838,C,1774190809,29,1774190838.5690048,-0.0261508636176586,0.5026562809944153,0.074465811252594,1.0,0.0,0.0,0.0
1774190838,C,1774190809,30,1774190838.5690172,-0.0266757532954216,0.5029212832450867,0.0727487951517105,1.0,0.0,0.0,0.0
1774190838,C,1774190809,31,1774190838.569029,-0.0268616285175085,0.5030636787414551,0.0718420445919036,1.0,0.0,0.0,0.0
1774190838,C,1774190809,32,1774190838.569041,-0.0270083863288164,0.5032095313072205,0.0709150284528732,1.0,0.0,0.0,0.0
1774190838,C,1774190809,33,1774190838.569055,-0.0271849799901247,0.5034928321838379,0.069121778011322,1.0,0.0,0.0,0.0
1774190838,C,1774190809,34,1774190838.5690813,-0.0271327961236238,0.5037574768066406,0.0675026699900627,1.0,0.0,0.0,0.0
1774190838,C,1774190809,35,1774190838.5690958,-0.0268512442708015,0.5039971470832825,0.066096730530262,1.0,0.0,0.0,0.0
1774190838,C,1774190809,36,1774190838.5691082,-0.0263384319841861,0.5042276382446289,0.0648126751184463,1.0,0.0,0.0,0.0
1774190838,C,1774190809,37,1774190838.569119,-0.0259932111948728,0.504344642162323,0.0641801133751869,1.0,0.0,0.0,0.0
1774190838,C,1774190809,38,1774190838.5691297,-0.025167528539896,0.5045867562294006,0.0628922060132026,1.0,0.0,0.0,0.0
1774190838,C,1774190809,39,1774190838.5691423,-0.0223867837339639,0.5051674842834473,0.0599636919796466,1.0,0.0,0.0,0.0
1774190838,C,1774190809,40,1774190838.5691571,-0.0210806224495172,0.505320131778717,0.0593568012118339,1.0,0.0,0.0,0.0
1774190838,C,1774190809,41,1774190838.569175,-0.0182302631437778,0.5055487751960754,0.0586786940693855,1.0,0.0,0.0,0.0
1774190838,C,1774190809,42,1774190838.5691938,-0.0174885652959346,0.5055863261222839,0.058639507740736,1.0,0.0,0.0,0.0
1774190838,C,1774190809,43,1774190838.5692148,-0.0160907264798879,0.5056434273719788,0.0586374141275882,1.0,0.0,0.0,0.0
1774190838,C,1774190809,44,1774190838.5692334,-0.0149213140830397,0.5056654214859009,0.0587957240641117,1.0,0.0,0.0,0.0
1774190838,C,1774190809,45,1774190838.5692563,-0.0139356572180986,0.5056668519973755,0.0590286962687969,1.0,0.0,0.0,0.0
1774190838,C,1774190809,46,1774190838.5692828,-0.0131284976378083,0.5056551694869995,0.0592921525239944,1.0,0.0,0.0,0.0
1774190838,C,1774190809,47,1774190838.5693111,-0.0125270411372184,0.5056302547454834,0.0596039555966854,1.0,0.0,0.0,0.0
1774190838,C,1774190809,48,1774190838.56933,-0.0122895212844014,0.5056184530258179,0.0597397685050964,1.0,0.0,0.0,0.0
1774190838,C,1774190809,49,1774190838.5693486,-0.0119527345523238,0.5055992603302002,0.0599424578249454,1.0,0.0,0.0,0.0
1774190838,C,1774190809,50,1774190838.56937,-0.011790445074439,0.5055831670761108,0.0600860305130481,1.0,0.0,0.0,0.0
1774190838,C,1774190809,51,1774190838.569413,-0.0117665398865938,0.5055750012397766,0.0601526573300361,1.0,0.0,0.0,0.0
1774190838,C,1774190809,52,1774190838.5694582,-0.011874021962285,0.5055811405181885,0.060089498758316,1.0,0.0,0.0,0.0
1774190838,C,1774190809,53,1774190838.569476,-0.0120597863569855,0.5055928826332092,0.0599767714738845,1.0,0.0,0.0,0.0
1774190838,C,1774190809,54,1774190838.5694892,-0.0121753448620438,0.5055959820747375,0.0599381402134895,1.0,0.0,0.0,0.0
1774190838,C,1774190809,55,1774190838.5695012,-0.0124502480030059,0.5055918097496033,0.0599161013960838,1.0,0.0,0.0,0.0
1774190842,C,1774190810,0,1774190842.0829906,-0.0105230119079351,0.5015734434127808,0.083901397883892,1.0,0.0,0.0,0.0
1774190842,C,1774190810,1,1774190842.083039,-0.0105080492794513,0.5015263557434082,0.0841399803757667,1.0,0.0,0.0,0.0
1774190842,C,1774190810,2,1774190842.0830684,-0.0104950722306966,0.5014845728874207,0.0843510031700134,1.0,0.0,0.0,0.0
1774190842,C,1774190810,3,1774190842.0831103,-0.010494471527636,0.501465916633606,0.0844444334506988,1.0,0.0,0.0,0.0
1774190842,C,1774190810,4,1774190842.083143,-0.010498009622097,0.5014315247535706,0.0846157073974609,1.0,0.0,0.0,0.0
1774190842,C,1774190810,5,1774190842.0831716,-0.010500619187951,0.5014157891273499,0.0846930965781211,1.0,0.0,0.0,0.0
1774190842,C,1774190810,6,1774190842.0831964,-0.0105155343189835,0.5013816952705383,0.0848603472113609,1.0,0.0,0.0,0.0
1774190842,C,1774190810,7,1774190842.08322,-0.0105391182005405,0.5013405680656433,0.0850614011287689,1.0,0.0,0.0,0.0
1774190842,C,1774190810,8,1774190842.0832467,-0.0105671966448426,0.5012944340705872,0.08528533577919,1.0,0.0,0.0,0.0
1774190842,C,1774190810,9,1774190842.0832746,-0.010602256283164,0.5012500286102295,0.0855000019073486,1.0,0.0,0.0,0.0
1774190842,C,1774190810,10,1774190842.0833037,-0.0106597663834691,0.5012137293815613,0.0856708511710167,1.0,0.0,0.0,0.0
1774190842,C,1774190810,11,1774190842.0833328,-0.0108021106570959,0.5011737942695618,0.0858419239521026,1.0,0.0,0.0,0.0
1774190842,C,1774190810,12,1774190842.0833652,-0.0109260249882936,0.5011464953422546,0.0859534591436386,1.0,0.0,0.0,0.0
1774190842,C,1774190810,13,1774190842.083396,-0.011288302950561,0.5010714530944824,0.0862597599625587,1.0,0.0,0.0,0.0
1774190842,C,1774190810,14,1774190842.0834298,-0.0118227833881974,0.5009704828262329,0.0866721346974372,1.0,0.0,0.0,0.0
1774190842,C,1774190810,15,1774190842.0834591,-0.0125019252300262,0.5008594989776611,0.087117925286293,1.0,0.0,0.0,0.0
1774190842,C,1774190810,16,1774190842.0834892,-0.01287826243788,0.5008123517036438,0.087292768061161,1.0,0.0,0.0,0.0
1774190842,C,1774190810,17,1774190842.0835192,-0.013685842975974,0.5007349848747253,0.0875403806567192,1.0,0.0,0.0,0.0
1774190842,C,1774190810,18,1774190842.083552,-0.0145511887967586,0.5006891489028931,0.0876216664910316,1.0,0.0,0.0,0.0
1774190842,C,1774190810,19,1774190842.083584,-0.0154812773689627,0.5006958842277527,0.0874351784586906,1.0,0.0,0.0,0.0
1774190842,C,1774190810,20,1774190842.083616,-0.0165002755820751,0.5007623434066772,0.0869271531701088,1.0,0.0,0.0,0.0
1774190842,C,1774190810,21,1774190842.0836475,-0.0170269887894392,0.5008190870285034,0.0865471363067627,1.0,0.0,0.0,0.0
1774190842,C,1774190810,22,1774190842.0836806,-0.0180624090135097,0.5009732842445374,0.0855754986405372,1.0,0.0,0.0,0.0
1774190842,C,1774190810,23,1774190842.083714,-0.0190441291779279,0.5011733770370483,0.0843632221221923,1.0,0.0,0.0,0.0
1774190842,C,1774190810,24,1774190842.0837495,-0.0199794638901948,0.5014030933380127,0.0829791650176048,1.0,0.0,0.0,0.0
1774190842,C,1774190810,25,1774190842.0837824,-0.0204425137490034,0.5015255808830261,0.0822362303733825,1.0,0.0,0.0,0.0
1774190842,C,1774190810,26,1774190842.083813,-0.0213410854339599,0.5017765760421753,0.0807005241513252,1.0,0.0,0.0,0.0
1774190842,C,1774190810,27,1774190842.083846,-0.0217484384775161,0.501914918422699,0.0798602029681205,1.0,0.0,0.0,0.0
1774190842,C,1774190810,28,1774190842.083877,-0.022450903430581,0.5021957159042358,0.0781572610139846,1.0,0.0,0.0,0.0
1774190842,C,1774190810,29,1774190842.0839064,-0.0229946244508028,0.5024685263633728,0.0764996632933616,1.0,0.0,0.0,0.0
1774190842,C,1774190810,30,1774190842.0839498,-0.023345174267888,0.5027186870574951,0.0749923214316368,1.0,0.0,0.0,0.0
1774190842,C,1774190810,31,1774190842.0839796,-0.0234544742852449,0.5029528141021729,0.0736366882920265,1.0,0.0,0.0,0.0
1774190842,C,1774190810,32,1774190842.0840125,-0.0234223920851945,0.5030692219734192,0.0729801207780838,1.0,0.0,0.0,0.0
1774190842,C,1774190810,33,1774190842.0840428,-0.0231929942965507,0.5033106207847595,0.0716496035456657,1.0,0.0,0.0,0.0
1774190842,C,1774190810,34,1774190842.0840695,-0.0230016149580478,0.5034416317939758,0.0709408447146415,1.0,0.0,0.0,0.0
1774190842,C,1774190810,35,1774190842.0840974,-0.0227680895477533,0.5035839080810547,0.0701696127653122,1.0,0.0,0.0,0.0
1774190842,C,1774190810,36,1774190842.084125,-0.0221661701798439,0.5039005875587463,0.0684293806552887,1.0,0.0,0.0,0.0
1774190842,C,1774190810,37,1774190842.084154,-0.02140823751688,0.5042406320571899,0.066533975303173,1.0,0.0,0.0,0.0
1774190842,C,1774190810,38,1774190842.0841827,-0.0209740381687879,0.5044039487838745,0.0656288415193557,1.0,0.0,0.0,0.0
1774190842,C,1774190810,39,1774190842.08421,-0.0199790354818105,0.5046902894973755,0.0640832185745239,1.0,0.0,0.0,0.0
1774190842,C,1774190810,40,1774190842.084239,-0.0188449509441852,0.5049252510070801,0.062867060303688,1.0,0.0,0.0,0.0
1774190842,C,1774190810,41,1774190842.0842688,-0.0161461066454648,0.5052488446235657,0.06142108887434,1.0,0.0,0.0,0.0
1774190842,C,1774190810,42,1774190842.084299,-0.0153975849971175,0.5053039789199829,0.0612334199249744,1.0,0.0,0.0,0.0
1774190842,C,1774190810,43,1774190842.084329,-0.0133014898747205,0.5053898692131042,0.0611325502395629,1.0,0.0,0.0,0.0
1774190842,C,1774190810,44,1774190842.084359,-0.0115829966962337,0.5053590536117554,0.0617145039141178,1.0,0.0,0.0,0.0
1774190842,C,1774190810,45,1774190842.0843878,-0.0106946751475334,0.5053044557571411,0.062253501266241,1.0,0.0,0.0,0.0
1774190842,C,1774190810,46,1774190842.0844178,-0.0100920256227254,0.5052303075790405,0.0628639012575149,1.0,0.0,0.0,0.0
1774190842,C,1774190810,47,1774190842.084448,-0.0094455135986208,0.5050239562988281,0.064362846314907,1.0,0.0,0.0,0.0
1774190842,C,1774190810,48,1774190842.0844784,-0.009377303533256,0.5049709677696228,0.0647264793515205,1.0,0.0,0.0,0.0
1774190842,C,1774190810,49,1774190842.084507,-0.0092735141515731,0.5048727989196777,0.0653937235474586,1.0,0.0,0.0,0.0
1774190842,C,1774190810,50,1774190842.0845366,-0.0092298686504364,0.5048292279243469,0.0656867176294326,1.0,0.0,0.0,0.0
1774190842,C,1774190810,51,1774190842.0845678,-0.0091501716524362,0.5047614574432373,0.0661386176943779,1.0,0.0,0.0,0.0
1774190842,C,1774190810,52,1774190842.0845976,-0.0091714616864919,0.5047181844711304,0.0664101168513298,1.0,0.0,0.0,0.0
1774190842,C,1774190810,53,1774190842.0846305,-0.0093143824487924,0.5046942234039307,0.0665467977523803,1.0,0.0,0.0,0.0
1774190845,C,1774190811,0,1774190845.664427,-0.0087343687191605,0.500568687915802,0.0890890583395958,1.0,0.0,0.0,0.0
1774190845,C,1774190811,1,1774190845.6644475,-0.0090994741767644,0.5004719495773315,0.089505560696125,1.0,0.0,0.0,0.0
1774190845,C,1774190811,2,1774190845.6644588,-0.0095846923068165,0.5003454685211182,0.0900420546531677,1.0,0.0,0.0,0.0
1774190845,C,1774190811,3,1774190845.664469,-0.0098532661795616,0.5002737045288086,0.0903446897864341,1.0,0.0,0.0,0.0
1774190845,C,1774190811,4,1774190845.6644788,-0.0104989940300583,0.5001166462898254,0.0909982249140739,1.0,0.0,0.0,0.0
1774190845,C,1774190811,5,1774190845.664488,-0.0108797708526253,0.500032365322113,0.0913422256708145,1.0,0.0,0.0,0.0
1774190845,C,1774190811,6,1774190845.6644974,-0.0121759753674268,0.4997817873954773,0.0923248380422592,1.0,0.0,0.0,0.0
1774190845,C,1774190811,7,1774190845.664507,-0.0130920065566897,0.4996498525142669,0.0927956402301788,1.0,0.0,0.0,0.0
1774190845,C,1774190811,8,1774190845.6645164,-0.0139797376468777,0.4995562732219696,0.0930876433849334,1.0,0.0,0.0,0.0
1774190845,C,1774190811,9,1774190845.664526,-0.0148361045867204,0.4994916021823883,0.0932453647255897,1.0,0.0,0.0,0.0
1774190845,C,1774190811,10,1774190845.6645372,-0.0156779419630765,0.4994492828845978,0.0932956635951995,1.0,0.0,0.0,0.0
1774190845,C,1774190811,11,1774190845.6645465,-0.0165100507438182,0.4994400441646576,0.0931929722428321,1.0,0.0,0.0,0.0
1774190845,C,1774190811,12,1774190845.664556,-0.0169191733002662,0.4994505941867828,0.0930725634098053,1.0,0.0,0.0,0.0
1774190845,C,1774190811,13,1774190845.664565,-0.0173215046525001,0.4994706809520721,0.0929086953401565,1.0,0.0,0.0,0.0
1774190845,C,1774190811,14,1774190845.6645749,-0.0180948227643966,0.4995428919792175,0.0924348011612892,1.0,0.0,0.0,0.0
1774190845,C,1774190811,15,1774190845.6645842,-0.0188542827963829,0.499661386013031,0.0917415767908096,1.0,0.0,0.0,0.0
1774190845,C,1774190811,16,1774190845.6645937,-0.0192440971732139,0.49973925948143,0.0913023501634597,1.0,0.0,0.0,0.0
1774190845,C,1774190811,17,1774190845.6646037,-0.020030990242958,0.4999291598796844,0.0902521535754203,1.0,0.0,0.0,0.0
1774190845,C,1774190811,18,1774190845.6646128,-0.0207586735486984,0.5001687407493591,0.0889608189463615,1.0,0.0,0.0,0.0
1774190845,C,1774190811,19,1774190845.664622,-0.0214285906404256,0.5004526376724243,0.0874465182423591,1.0,0.0,0.0,0.0
1774190845,C,1774190811,20,1774190845.6646314,-0.0217039212584495,0.5006201863288879,0.0865704640746116,1.0,0.0,0.0,0.0
1774190845,C,1774190811,21,1774190845.6646404,-0.022036887705326,0.500956118106842,0.0848407819867134,1.0,0.0,0.0,0.0
1774190845,C,1774190811,22,1774190845.6646495,-0.0220241397619247,0.5012679696083069,0.0832853019237518,1.0,0.0,0.0,0.0
1774190845,C,1774190811,23,1774190845.6646588,-0.0217568818479776,0.5015580058097839,0.0818764343857765,1.0,0.0,0.0,0.0
1774190845,C,1774190811,24,1774190845.6646678,-0.0214128587394952,0.5018347501754761,0.0805293247103691,1.0,0.0,0.0,0.0
1774190845,C,1774190811,25,1774190845.6646774,-0.0209469813853502,0.5021039247512817,0.0792341902852058,1.0,0.0,0.0,0.0
1774190845,C,1774190811,26,1774190845.664687,-0.0202846676111221,0.5023898482322693,0.0778783634305,1.0,0.0,0.0,0.0
1774190845,C,1774190811,27,1774190845.6646955,-0.0196329988539218,0.5026829838752747,0.0764467567205429,1.0,0.0,0.0,0.0
1774190845,C,1774190811,28,1774190845.664705,-0.0190978292375803,0.5029770135879517,0.0749403536319732,1.0,0.0,0.0,0.0
1774190845,C,1774190811,29,1774190845.664714,-0.0188469011336565,0.5031223297119141,0.0741798654198646,1.0,0.0,0.0,0.0
1774190845,C,1774190811,30,1774190845.664723,-0.0182285979390144,0.5033996105194092,0.0727460235357284,1.0,0.0,0.0,0.0
1774190845,C,1774190811,31,1774190845.6647325,-0.017408775165677,0.5036271810531616,0.0716199353337287,1.0,0.0,0.0,0.0
1774190845,C,1774190811,32,1774190845.6647415,-0.0164355617016553,0.503798246383667,0.0708338245749473,1.0,0.0,0.0,0.0
1774190845,C,1774190811,33,1774190845.6647515,-0.0154128894209861,0.5039196610450745,0.0703367665410041,1.0,0.0,0.0,0.0
1774190845,C,1774190811,34,1774190845.6647625,-0.0143932094797492,0.5040091872215271,0.0700150355696678,1.0,0.0,0.0,0.0
1774190845,C,1774190811,35,1774190845.6647725,-0.0138834323734045,0.5040414929389954,0.0699221342802047,1.0,0.0,0.0,0.0
1774190845,C,1774190811,36,1774190845.6647823,-0.0129225878044962,0.504072368144989,0.0699208080768585,1.0,0.0,0.0,0.0
1774190845,C,1774190811,37,1774190845.6647923,-0.0124820657074451,0.5040760040283203,0.0699805691838264,1.0,0.0,0.0,0.0
1774190845,C,1774190811,38,1774190845.6648026,-0.0116556268185377,0.5040826201438904,0.0700847133994102,1.0,0.0,0.0,0.0
1774190845,C,1774190811,39,1774190845.664814,-0.0109543241560459,0.504082441329956,0.07020004093647,1.0,0.0,0.0,0.0
1774190845,C,1774190811,40,1774190845.6648283,-0.0103759625926613,0.5040565133094788,0.0704478472471237,1.0,0.0,0.0,0.0
1774190845,C,1774190811,41,1774190845.6648405,-0.0101073430851101,0.5040318369865417,0.0706371217966079,1.0,0.0,0.0,0.0
1774190845,C,1774190811,42,1774190845.6648505,-0.0095708752050995,0.5039687752723694,0.0710924044251442,1.0,0.0,0.0,0.0
1774190845,C,1774190811,43,1774190845.6648605,-0.0090574277564883,0.5038966536521912,0.0715906471014022,1.0,0.0,0.0,0.0
1774190845,C,1774190811,44,1774190845.6648705,-0.0088228974491357,0.5038620233535767,0.071825660765171,1.0,0.0,0.0,0.0
1774190845,C,1774190811,45,1774190845.6648805,-0.0084336046129465,0.5037984251976013,0.0722483843564987,1.0,0.0,0.0,0.0
1774190845,C,1774190811,46,1774190845.6648898,-0.0081551298499107,0.5037457346916199,0.0725888684391975,1.0,0.0,0.0,0.0
1774190845,C,1774190811,47,1774190845.6648998,-0.008050762116909,0.50370854139328,0.0728166252374649,1.0,0.0,0.0,0.0
1774190845,C,1774190811,48,1774190845.66491,-0.008060660213232,0.5036945939064026,0.0728960111737251,1.0,0.0,0.0,0.0
1774190845,C,1774190811,49,1774190845.66492,-0.0081745544448494,0.5036627650260925,0.0730678364634513,1.0,0.0,0.0,0.0
1774190845,C,1774190811,50,1774190845.6649308,-0.0083349430933594,0.5036255717277527,0.0732665583491325,1.0,0.0,0.0,0.0
1774190849,C,1774190812,0,1774190849.182838,-0.0012952500255778,0.5009621381759644,0.0876823961734771,1.0,0.0,0.0,0.0
1774190849,C,1774190812,1,1774190849.1828604,-0.0014047911390662,0.500895082950592,0.0880017504096031,1.0,0.0,0.0,0.0
1774190849,C,1774190812,2,1774190849.182872,-0.0015152298146858,0.5008154511451721,0.0883795544505119,1.0,0.0,0.0,0.0
1774190849,C,1774190812,3,1774190849.1828828,-0.0016545860562473,0.5007094144821167,0.0888804271817207,1.0,0.0,0.0,0.0
1774190849,C,1774190812,4,1774190849.1828928,-0.0018460240680724,0.5005876421928406,0.0894506871700286,1.0,0.0,0.0,0.0
1774190849,C,1774190812,5,1774190849.1829028,-0.0019764055032283,0.5005258321762085,0.0897378101944923,1.0,0.0,0.0,0.0
1774190849,C,1774190812,6,1774190849.1829126,-0.002131875604391,0.5004653930664062,0.0900168046355247,1.0,0.0,0.0,0.0
1774190849,C,1774190812,7,1774190849.182922,-0.0025377860292792,0.5003501772880554,0.090542197227478,1.0,0.0,0.0,0.0
1774190849,C,1774190812,8,1774190849.1829317,-0.0028172861784696,0.5002912878990173,0.0908065885305404,1.0,0.0,0.0,0.0
1774190849,C,1774190812,9,1774190849.1829414,-0.0031407568603754,0.5002323985099792,0.0910675525665283,1.0,0.0,0.0,0.0
1774190849,C,1774190812,10,1774190849.182951,-0.003896692302078,0.5001254677772522,0.0915299132466316,1.0,0.0,0.0,0.0
1774190849,C,1774190812,11,1774190849.1829605,-0.0047756903804838,0.5000285506248474,0.0919326096773147,1.0,0.0,0.0,0.0
1774190849,C,1774190812,12,1774190849.18297,-0.005747742485255,0.499944120645523,0.0922626703977584,1.0,0.0,0.0,0.0
1774190849,C,1774190812,13,1774190849.1829796,-0.0067962920293211,0.499873399734497,0.0925135463476181,1.0,0.0,0.0,0.0
1774190849,C,1774190812,14,1774190849.1829891,-0.0073210624977946,0.4998411834239959,0.0926196426153183,1.0,0.0,0.0,0.0
1774190849,C,1774190812,15,1774190849.182999,-0.0083607658743858,0.4997880160808563,0.0927725136280059,1.0,0.0,0.0,0.0
1774190849,C,1774190812,16,1774190849.1830082,-0.009434038773179,0.4997540414333343,0.0928237810730934,1.0,0.0,0.0,0.0
1774190849,C,1774190812,17,1774190849.183019,-0.0099904239177703,0.4997472465038299,0.0927964001893997,1.0,0.0,0.0,0.0
1774190849,C,1774190812,18,1774190849.1830287,-0.0110626621171832,0.4997689127922058,0.0925763472914695,1.0,0.0,0.0,0.0
1774190849,C,1774190812,19,1774190849.183039,-0.0119773233309388,0.4998630285263061,0.0920336470007896,1.0,0.0,0.0,0.0
1774190849,C,1774190812,20,1774190849.1830492,-0.0123808495700359,0.4999323189258575,0.0916634351015091,1.0,0.0,0.0,0.0
1774190849,C,1774190812,21,1774190849.1830604,-0.0131550449877977,0.5000971555709839,0.0907965376973152,1.0,0.0,0.0,0.0
1774190849,C,1774190812,22,1774190849.183071,-0.0139308860525488,0.5002958178520203,0.089756079018116,1.0,0.0,0.0,0.0
1774190849,C,1774190812,23,1774190849.1830816,-0.0146278934553265,0.500566303730011,0.088367685675621,1.0,0.0,0.0,0.0
1774190849,C,1774190812,24,1774190849.183093,-0.0149710550904273,0.5008798241615295,0.086804524064064,1.0,0.0,0.0,0.0
1774190849,C,1774190812,25,1774190849.1831036,-0.0149284452199935,0.5012071132659912,0.0852112472057342,1.0,0.0,0.0,0.0
1774190849,C,1774190812,26,1774190849.1831136,-0.0146772507578134,0.5015358328819275,0.0836154744029045,1.0,0.0,0.0,0.0
1774190849,C,1774190812,27,1774190849.1831243,-0.014550338499248,0.5016990900039673,0.0828106626868248,1.0,0.0,0.0,0.0
1774190849,C,1774190812,28,1774190849.183136,-0.0144098633900284,0.5020231604576111,0.0811678543686866,1.0,0.0,0.0,0.0
1774190849,C,1774190812,29,1774190849.1831465,-0.0143536916002631,0.5023130178451538,0.0796564593911171,1.0,0.0,0.0,0.0
1774190849,C,1774190812,30,1774190849.1831567,-0.0142173301428556,0.5025510787963867,0.0784082785248756,1.0,0.0,0.0,0.0
1774190849,C,1774190812,31,1774190849.1831677,-0.0140134720131754,0.502755343914032,0.0773363411426544,1.0,0.0,0.0,0.0
1774190849,C,1774190812,32,1774190849.183179,-0.0138843189924955,0.5028544664382935,0.0768156722187995,1.0,0.0,0.0,0.0
1774190849,C,1774190812,33,1774190849.18319,-0.0135364979505538,0.503065824508667,0.0757042914628982,1.0,0.0,0.0,0.0
1774190849,C,1774190812,34,1774190849.1832025,-0.01302180159837,0.5032916069030762,0.0745221525430679,1.0,0.0,0.0,0.0
1774190849,C,1774190812,35,1774190849.1832137,-0.0127030741423368,0.5034061074256897,0.0739233642816543,1.0,0.0,0.0,0.0
1774190849,C,1774190812,36,1774190849.1832273,-0.0120024420320987,0.5036186575889587,0.072813332080841,1.0,0.0,0.0,0.0
1774190849,C,1774190812,37,1774190849.1832552,-0.0112921157851815,0.5037660002708435,0.0720647200942039,1.0,0.0,0.0,0.0
1774190849,C,1774190812,38,1774190849.1832664,-0.0109184756875038,0.5038036108016968,0.0718998536467552,1.0,0.0,0.0,0.0
1774190849,C,1774190812,39,1774190849.183278,-0.0100651681423187,0.5038278102874756,0.0718786418437957,1.0,0.0,0.0,0.0
1774190849,C,1774190812,40,1774190849.1832895,-0.009056975133717,0.5038333535194397,0.0719795525074005,1.0,0.0,0.0,0.0
1774190849,C,1774190812,41,1774190849.1833012,-0.0080069387331604,0.5038251280784607,0.0721513926982879,1.0,0.0,0.0,0.0
1774190849,C,1774190812,42,1774190849.183312,-0.0069689326919615,0.5037868022918701,0.0724793225526809,1.0,0.0,0.0,0.0
1774190849,C,1774190812,43,1774190849.183323,-0.0064567094668745,0.5037611722946167,0.0726738944649696,1.0,0.0,0.0,0.0
1774190849,C,1774190812,44,1774190849.1833336,-0.0054809455759823,0.5037131905555725,0.0730286017060279,1.0,0.0,0.0,0.0
1774190849,C,1774190812,45,1774190849.1833444,-0.0046590501442551,0.5036752820014954,0.0733006671071052,1.0,0.0,0.0,0.0
1774190849,C,1774190812,46,1774190849.1833558,-0.0043111485429108,0.5036562085151672,0.0734294578433036,1.0,0.0,0.0,0.0
1774190849,C,1774190812,47,1774190849.1833675,-0.0037046582438051,0.5036141276359558,0.0736986026167869,1.0,0.0,0.0,0.0
1774190849,C,1774190812,48,1774190849.1833787,-0.0032125029247254,0.5035628080368042,0.0740132555365562,1.0,0.0,0.0,0.0
1774190849,C,1774190812,49,1774190849.183391,-0.0028619463555514,0.5035030841827393,0.0743668004870414,1.0,0.0,0.0,0.0
1774190849,C,1774190812,50,1774190849.1834035,-0.0026680699083954,0.5034531354904175,0.0746548995375633,1.0,0.0,0.0,0.0
1774190849,C,1774190812,51,1774190849.1834211,-0.0026437102351337,0.503435492515564,0.0747550427913665,1.0,0.0,0.0,0.0
1774190849,C,1774190812,52,1774190849.1834364,-0.0028308713808655,0.5033977031707764,0.0749618560075759,1.0,0.0,0.0,0.0
1774190849,C,1774190812,53,1774190849.183453,-0.0031090998090803,0.5033844709396362,0.0750276818871498,1.0,0.0,0.0,0.0
1774190849,C,1774190812,54,1774190849.1834652,-0.0034811808727681,0.5033764243125916,0.075060449540615,1.0,0.0,0.0,0.0
1774190852,C,1774190813,0,1774190852.7374034,0.0015083373291417,0.5010565519332886,0.0869990363717079,1.0,0.0,0.0,0.0
1774190852,C,1774190813,1,1774190852.737469,0.0013903962681069,0.5009723901748657,0.0874092578887939,1.0,0.0,0.0,0.0
1774190852,C,1774190813,2,1774190852.737507,0.001215832773596,0.5008228421211243,0.0881347507238388,1.0,0.0,0.0,0.0
1774190852,C,1774190813,3,1774190852.7375386,0.0010974942706525,0.5007339119911194,0.0885602682828903,1.0,0.0,0.0,0.0
1774190852,C,1774190813,4,1774190852.7375665,0.0007694839732721,0.5005382895469666,0.0894861742854118,1.0,0.0,0.0,0.0
1774190852,C,1774190813,5,1774190852.737597,0.0002682344347704,0.500318706035614,0.0905171483755111,1.0,0.0,0.0,0.0
1774190852,C,1774190813,6,1774190852.7376287,-0.0004174793721176,0.5001030564308167,0.0915150046348571,1.0,0.0,0.0,0.0
1774190852,C,1774190813,7,1774190852.737655,-0.0013152103638276,0.4999162256717682,0.0923603326082229,1.0,0.0,0.0,0.0
1774190852,C,1774190813,8,1774190852.737685,-0.0018606963567435,0.4998420476913452,0.0926873162388801,1.0,0.0,0.0,0.0
1774190852,C,1774190813,9,1774190852.7377064,-0.0031033481936901,0.499735951423645,0.0931351557374,1.0,0.0,0.0,0.0
1774190852,C,1774190813,10,1774190852.7377274,-0.0045156120322644,0.4996929466724396,0.0932793989777565,1.0,0.0,0.0,0.0
1774190852,C,1774190813,11,1774190852.737749,-0.0060825929976999,0.4996941983699798,0.0931983515620231,1.0,0.0,0.0,0.0
1774190852,C,1774190813,12,1774190852.7377708,-0.0076135764829814,0.4997174441814422,0.0929872915148735,1.0,0.0,0.0,0.0
1774190852,C,1774190813,13,1774190852.7377927,-0.0090042417868971,0.4997676312923431,0.0926353856921196,1.0,0.0,0.0,0.0
1774190852,C,1774190813,14,1774190852.7378144,-0.0102073736488819,0.4998343586921692,0.0922075659036636,1.0,0.0,0.0,0.0
1774190852,C,1774190813,15,1774190852.7378438,-0.0112494695931673,0.49992835521698,0.0916588082909584,1.0,0.0,0.0,0.0
1774190852,C,1774190813,16,1774190852.7378728,-0.0121390987187623,0.5000963807106018,0.0907647609710693,1.0,0.0,0.0,0.0
1774190852,C,1774190813,17,1774190852.737902,-0.0128213474527001,0.5003151297569275,0.0896443128585815,1.0,0.0,0.0,0.0
1774190852,C,1774190813,18,1774190852.7379272,-0.013248935341835,0.5005670189857483,0.0883854255080223,1.0,0.0,0.0,0.0
1774190852,C,1774190813,19,1774190852.7379503,-0.0133703919127583,0.5007086396217346,0.0876875445246696,1.0,0.0,0.0,0.0
1774190852,C,1774190813,20,1774190852.7379787,-0.0134522141888737,0.5010331273078918,0.0860953107476234,1.0,0.0,0.0,0.0
1774190852,C,1774190813,21,1774190852.7380006,-0.0134446639567613,0.5012032985687256,0.0852582827210426,1.0,0.0,0.0,0.0
1774190852,C,1774190813,22,1774190852.7380283,-0.0133502781391143,0.5015363693237305,0.0836124643683433,1.0,0.0,0.0,0.0
1774190852,C,1774190813,23,1774190852.738057,-0.0131039172410964,0.5018587708473206,0.0820052549242973,1.0,0.0,0.0,0.0
1774190852,C,1774190813,24,1774190852.7382324,-0.0128972055390477,0.5020180344581604,0.0812086835503578,1.0,0.0,0.0,0.0
1774190852,C,1774190813,25,1774190852.7382574,-0.0126394620165228,0.5021756887435913,0.080418437719345,1.0,0.0,0.0,0.0
1774190852,C,1774190813,26,1774190852.738276,-0.0120602482929825,0.502488374710083,0.0788450464606285,1.0,0.0,0.0,0.0
1774190852,C,1774190813,27,1774190852.7382956,-0.0114663764834404,0.5027651786804199,0.077443279325962,1.0,0.0,0.0,0.0
1774190852,C,1774190813,28,1774190852.7383237,-0.0111100673675537,0.5028901100158691,0.0768083035945892,1.0,0.0,0.0,0.0
1774190852,C,1774190813,29,1774190852.7383566,-0.0103126093745231,0.5031203627586365,0.0756307169795036,1.0,0.0,0.0,0.0
1774190852,C,1774190813,30,1774190852.738381,-0.009572759270668,0.5033034086227417,0.0746886953711509,1.0,0.0,0.0,0.0
1774190852,C,1774190813,31,1774190852.7384102,-0.0088358987122774,0.5034580230712891,0.0738804414868354,1.0,0.0,0.0,0.0
1774190852,C,1774190813,32,1774190852.7384386,-0.0080234846100211,0.5036181807518005,0.0730455443263053,1.0,0.0,0.0,0.0
1774190852,C,1774190813,33,1774190852.7384665,-0.0076433205977082,0.5036888122558594,0.0726780518889427,1.0,0.0,0.0,0.0
1774190852,C,1774190813,34,1774190852.738488,-0.006890304852277,0.5037870407104492,0.072164848446846,1.0,0.0,0.0,0.0
1774190852,C,1774190813,35,1774190852.73851,-0.0060160052962601,0.5038430690765381,0.0718902125954628,1.0,0.0,0.0,0.0
1774190852,C,1774190813,36,1774190852.738531,-0.0050251125358045,0.5038716197013855,0.071795105934143,1.0,0.0,0.0,0.0
1774190852,C,1774190813,37,1774190852.7385523,-0.0044919210486114,0.5038745403289795,0.0718116164207458,1.0,0.0,0.0,0.0
1774190852,C,1774190813,38,1774190852.7385733,-0.0034019867889583,0.5038592219352722,0.071952685713768,1.0,0.0,0.0,0.0
1774190852,C,1774190813,39,1774190852.7385943,-0.0023516314104199,0.5038124322891235,0.0722644552588462,1.0,0.0,0.0,0.0
1774190852,C,1774190813,40,1774190852.7386162,-0.0013720775023102,0.5037519335746765,0.0726399049162864,1.0,0.0,0.0,0.0
1774190852,C,1774190813,41,1774190852.7386386,-0.0005631740204989,0.5036976337432861,0.0729706212878227,1.0,0.0,0.0,0.0
1774190852,C,1774190813,42,1774190852.7388754,-9.281245729653163e-05,0.5036512017250061,0.0732482373714447,1.0,0.0,0.0,0.0
1774190852,C,1774190813,43,1774190852.7388985,5.09540768689476e-05,0.5036147832870483,0.0734584778547287,1.0,0.0,0.0,0.0
1774190852,C,1774190813,44,1774190852.7389486,-3.643139507403248e-06,0.5035892128944397,0.0736105591058731,1.0,0.0,0.0,0.0
1774190852,C,1774190813,45,1774190852.7389712,-0.0002265222865389,0.5035606026649475,0.0737808048725128,1.0,0.0,0.0,0.0
1774190852,C,1774190813,46,1774190852.7389932,-0.0006250205915421,0.5035291910171509,0.073958545923233,1.0,0.0,0.0,0.0
1774190856,C,1774190814,0,1774190856.264075,-0.0038246219046413,0.5005680322647095,0.0888342857360839,1.0,0.0,0.0,0.0
1774190856,C,1774190814,1,1774190856.2641146,-0.0038294761907309,0.500557005405426,0.0888738334178924,1.0,0.0,0.0,0.0
1774190856,C,1774190814,2,1774190856.2641366,-0.0038401009514927,0.5005435347557068,0.0889252424240112,1.0,0.0,0.0,0.0
1774190856,C,1774190814,3,1774190856.2641582,-0.0038565711583942,0.5005288124084473,0.088980495929718,1.0,0.0,0.0,0.0
1774190856,C,1774190814,4,1774190856.2641768,-0.0038672289811074,0.5005185604095459,0.0890224948525428,1.0,0.0,0.0,0.0
1774190856,C,1774190814,5,1774190856.2642112,-0.0038970229215919,0.5004880428314209,0.0891448929905891,1.0,0.0,0.0,0.0
1774190856,C,1774190814,6,1774190856.264262,-0.0039208121597766,0.5004650950431824,0.0892459377646446,1.0,0.0,0.0,0.0
1774190856,C,1774190814,7,1774190856.2642846,-0.0039335554465651,0.5004550814628601,0.089287020266056,1.0,0.0,0.0,0.0
1774190856,C,1774190814,8,1774190856.264307,-0.003983583766967,0.5004284381866455,0.0893957167863845,1.0,0.0,0.0,0.0
1774190856,C,1774190814,9,1774190856.264329,-0.0040237409994006,0.5004191398620605,0.089427463710308,1.0,0.0,0.0,0.0
1774190856,C,1774190814,10,1774190856.2643502,-0.0040643764659762,0.5004032850265503,0.0894916653633117,1.0,0.0,0.0,0.0
1774190856,C,1774190814,11,1774190856.264371,-0.0040821186266839,0.5003904104232788,0.0895448923110961,1.0,0.0,0.0,0.0
1774190856,C,1774190814,12,1774190856.2643914,-0.0041165761649608,0.5003362894058228,0.089773342013359,1.0,0.0,0.0,0.0
1774190856,C,1774190814,13,1774190856.264413,-0.0041433237493038,0.5002967119216919,0.089948184788227,1.0,0.0,0.0,0.0
1774190856,C,1774190814,14,1774190856.264434,-0.0042113196104764,0.5002507567405701,0.0901570543646812,1.0,0.0,0.0,0.0
1774190856,C,1774190814,15,1774190856.264454,-0.0043143453076481,0.5001678466796875,0.0905412063002586,1.0,0.0,0.0,0.0
1774190856,C,1774190814,16,1774190856.2644737,-0.0044771688990294,0.5000454783439636,0.0911016389727592,1.0,0.0,0.0,0.0
1774190856,C,1774190814,17,1774190856.264492,-0.004713324829936,0.4999033212661743,0.0917502492666244,1.0,0.0,0.0,0.0
1774190856,C,1774190814,18,1774190856.2645106,-0.0050082174129784,0.4997476637363434,0.0924483612179756,1.0,0.0,0.0,0.0
1774190856,C,1774190814,19,1774190856.2645278,-0.0051632770337164,0.4996622502803802,0.0928273648023605,1.0,0.0,0.0,0.0
1774190856,C,1774190814,20,1774190856.26455,-0.0054703992791473,0.4994771778583526,0.0936382412910461,1.0,0.0,0.0,0.0
1774190856,C,1774190814,21,1774190856.26457,-0.0057222764007747,0.499298632144928,0.0943959429860115,1.0,0.0,0.0,0.0
1774190856,C,1774190814,22,1774190856.2645895,-0.0059586269780993,0.4991580247879028,0.0949779227375984,1.0,0.0,0.0,0.0
1774190856,C,1774190814,23,1774190856.2646103,-0.0062573021277785,0.4990570843219757,0.0953879505395889,1.0,0.0,0.0,0.0
1774190856,C,1774190814,24,1774190856.2646308,-0.0064438707195222,0.4990167319774627,0.0955479145050048,1.0,0.0,0.0,0.0
1774190856,C,1774190814,25,1774190856.2646525,-0.0068801031447947,0.4989431202411651,0.0958338379859924,1.0,0.0,0.0,0.0
1774190856,C,1774190814,26,1774190856.264675,-0.0073717152699828,0.4988774359226227,0.0960789173841476,1.0,0.0,0.0,0.0
1774190856,C,1774190814,27,1774190856.2646947,-0.0079311178997159,0.4988268911838531,0.0962538868188858,1.0,0.0,0.0,0.0
1774190856,C,1774190814,28,1774190856.2647152,-0.0085827745497226,0.4988022148609161,0.0963010117411613,1.0,0.0,0.0,0.0
1774190856,C,1774190814,29,1774190856.2647371,-0.0093010691925883,0.4988005459308624,0.0962411761283874,1.0,0.0,0.0,0.0
1774190856,C,1774190814,30,1774190856.2647562,-0.010065927170217,0.498814195394516,0.0961149930953979,1.0,0.0,0.0,0.0
1774190856,C,1774190814,31,1774190856.2647758,-0.0108686108142137,0.4988425374031067,0.0959127768874168,1.0,0.0,0.0,0.0
1774190856,C,1774190814,32,1774190856.2647984,-0.0116756344214081,0.4988933205604553,0.0956008732318878,1.0,0.0,0.0,0.0
1774190856,C,1774190814,33,1774190856.2648194,-0.0124660106375813,0.4989705979824066,0.0951600894331932,1.0,0.0,0.0,0.0
1774190856,C,1774190814,34,1774190856.2648404,-0.0128449657931923,0.4990113973617553,0.0949280709028244,1.0,0.0,0.0,0.0
1774190856,C,1774190814,35,1774190856.2648602,-0.0135204046964645,0.4990944564342499,0.0944587811827659,1.0,0.0,0.0,0.0
1774190856,C,1774190814,36,1774190856.2648811,-0.0140915578231215,0.4991678297519684,0.0940342769026756,1.0,0.0,0.0,0.0
1774190856,C,1774190814,37,1774190856.2649028,-0.0145935826003551,0.4992464184761047,0.0935845598578453,1.0,0.0,0.0,0.0
1774190856,C,1774190814,38,1774190856.2649257,-0.015043593943119,0.4993324279785156,0.0931034311652183,1.0,0.0,0.0,0.0
1774190856,C,1774190814,39,1774190856.2649484,-0.0154527127742767,0.4994350969791412,0.0925486460328102,1.0,0.0,0.0,0.0
1774190856,C,1774190814,40,1774190856.2649689,-0.0158274564892053,0.4995602369308471,0.0918957740068435,1.0,0.0,0.0,0.0
1774190856,C,1774190814,41,1774190856.2649882,-0.0161676686257123,0.4997155666351318,0.0911170095205307,1.0,0.0,0.0,0.0
1774190856,C,1774190814,42,1774190856.265008,-0.0164679940789937,0.4998931884765625,0.0902306288480758,1.0,0.0,0.0,0.0
1774190856,C,1774190814,43,1774190856.265026,-0.0167381390929222,0.5000779032707214,0.089302472770214,1.0,0.0,0.0,0.0
1774190856,C,1774190814,44,1774190856.2650445,-0.0169845093041658,0.5002791881561279,0.0883012190461158,1.0,0.0,0.0,0.0
1774190856,C,1774190814,45,1774190856.2650654,-0.017133442685008,0.5005104541778564,0.0871776193380355,1.0,0.0,0.0,0.0
1774190856,C,1774190814,46,1774190856.2650845,-0.0171552263200283,0.5007376074790955,0.0860749185085296,1.0,0.0,0.0,0.0
1774190856,C,1774190814,47,1774190856.2651043,-0.0170792881399393,0.5009374618530273,0.0851071923971176,1.0,0.0,0.0,0.0
1774190856,C,1774190814,48,1774190856.265125,-0.0170253049582242,0.5010296106338501,0.0846587717533111,1.0,0.0,0.0,0.0
1774190856,C,1774190814,49,1774190856.26515,-0.0168968737125396,0.5012140274047852,0.0837615877389907,1.0,0.0,0.0,0.0
1774190856,C,1774190814,50,1774190856.26517,-0.0166883394122123,0.5014061331748962,0.0828308165073394,1.0,0.0,0.0,0.0
1774190856,C,1774190814,51,1774190856.2651875,-0.0163683053106069,0.501594066619873,0.0819259732961654,1.0,0.0,0.0,0.0
1774190856,C,1774190814,52,1774190856.2652068,-0.0161739122122526,0.5016852617263794,0.0814935490489006,1.0,0.0,0.0,0.0
1774190856,C,1774190814,53,1774190856.265226,-0.0157433021813631,0.5018550157546997,0.080710120499134,1.0,0.0,0.0,0.0
1774190856,C,1774190814,54,1774190856.265245,-0.0152042061090469,0.502001941204071,0.0800601094961166,1.0,0.0,0.0,0.0
1774190856,C,1774190814,55,1774190856.265266,-0.014887411147356,0.5020692944526672,0.0797667577862739,1.0,0.0,0.0,0.0
1774190856,C,1774190814,56,1774190856.265288,-0.0145513294264674,0.5021333694458008,0.0794874876737594,1.0,0.0,0.0,0.0
1774190856,C,1774190814,57,1774190856.2653177,-0.0138379046693444,0.5022462606430054,0.0790044441819191,1.0,0.0,0.0,0.0
1774190856,C,1774190814,58,1774190856.265351,-0.0130646349862217,0.5023458003997803,0.0785976499319076,1.0,0.0,0.0,0.0
1774190856,C,1774190814,59,1774190856.2653782,-0.0126563236117362,0.5023888945579529,0.0784335434436798,1.0,0.0,0.0,0.0
1774190856,C,1774190814,60,1774190856.2654097,-0.0118212001398205,0.5024569630622864,0.0781928896903991,1.0,0.0,0.0,0.0
1774190856,C,1774190814,61,1774190856.2654357,-0.0109775429591536,0.5025014877319336,0.0780642852187156,1.0,0.0,0.0,0.0
1774190856,C,1774190814,62,1774190856.2654636,-0.0101247075945138,0.5025290846824646,0.0780230090022087,1.0,0.0,0.0,0.0
1774190856,C,1774190814,63,1774190856.265493,-0.0092639550566673,0.5025414824485779,0.0780567079782486,1.0,0.0,0.0,0.0
1774190856,C,1774190814,64,1774190856.2655263,-0.0083951381966471,0.5025258660316467,0.0782294049859047,1.0,0.0,0.0,0.0
1774190856,C,1774190814,65,1774190856.2655585,-0.007966510951519,0.5025052428245544,0.0783774182200431,1.0,0.0,0.0,0.0
1774190856,C,1774190814,66,1774190856.2655883,-0.0071636815555393,0.5024483799934387,0.0787425190210342,1.0,0.0,0.0,0.0
1774190856,C,1774190814,67,1774190856.2656417,-0.0064488663338124,0.5023835897445679,0.0791261196136474,1.0,0.0,0.0,0.0
1774190856,C,1774190814,68,1774190856.265661,-0.0061214235611259,0.502348780632019,0.0793228521943092,1.0,0.0,0.0,0.0
1774190856,C,1774190814,69,1774190856.2656772,-0.0058148545213043,0.5023152232170105,0.079510249197483,1.0,0.0,0.0,0.0
1774190856,C,1774190814,70,1774190856.2656944,-0.005319224204868,0.5022607445716858,0.0798174366354942,1.0,0.0,0.0,0.0
1774190856,C,1774190814,71,1774190856.2657113,-0.005030476488173,0.502225399017334,0.0800198167562484,1.0,0.0,0.0,0.0
1774190856,C,1774190814,72,1774190856.2657309,-0.0049232481978833,0.5022123456001282,0.0801020935177803,1.0,0.0,0.0,0.0
1774190856,C,1774190814,73,1774190856.2657514,-0.0049154534935951,0.5022096037864685,0.080120250582695,1.0,0.0,0.0,0.0
1774190856,C,1774190814,74,1774190856.2657723,-0.0051382249221205,0.5022251605987549,0.0800450593233108,1.0,0.0,0.0,0.0
1774190856,C,1774190814,75,1774190856.265792,-0.0053603220731019,0.5022380948066711,0.0799774751067161,1.0,0.0,0.0,0.0
1774190856,C,1774190814,76,1774190856.265811,-0.0054855952039361,0.5022424459457397,0.0799498483538627,1.0,0.0,0.0,0.0
1774190861,C,1774190815,0,1774190861.4355552,-0.004488977137953,0.4990265071392059,0.0958268046379089,1.0,0.0,0.0,0.0
1774190861,C,1774190815,1,1774190861.4355917,-0.0045813205651938,0.4989623129367828,0.096101276576519,1.0,0.0,0.0,0.0
1774190861,C,1774190815,2,1774190861.435609,-0.0046311267651617,0.4989201724529266,0.0962817370891571,1.0,0.0,0.0,0.0
1774190861,C,1774190815,3,1774190861.4356291,-0.0047567817382514,0.4988240599632263,0.0966940820217132,1.0,0.0,0.0,0.0
1774190861,C,1774190815,4,1774190861.4356475,-0.0049436171539127,0.4987099766731262,0.0971775203943252,1.0,0.0,0.0,0.0
1774190861,C,1774190815,5,1774190861.435661,-0.0051893508061766,0.4985609352588653,0.0978021845221519,1.0,0.0,0.0,0.0
1774190861,C,1774190815,6,1774190861.4356723,-0.0054755820892751,0.4983786940574646,0.0985647290945053,1.0,0.0,0.0,0.0
1774190861,C,1774190815,7,1774190861.4356835,-0.0056460457853972,0.498281329870224,0.0989695712924003,1.0,0.0,0.0,0.0
1774190861,C,1774190815,8,1774190861.435698,-0.0060989679768681,0.4980862736701965,0.099769651889801,1.0,0.0,0.0,0.0
1774190861,C,1774190815,9,1774190861.4357126,-0.0066680870950222,0.4979042112827301,0.1004950553178787,1.0,0.0,0.0,0.0
1774190861,C,1774190815,10,1774190861.4357252,-0.0072536971420049,0.4977366626262665,0.1011412888765335,1.0,0.0,0.0,0.0
1774190861,C,1774190815,11,1774190861.4357402,-0.0075474735349416,0.4976585209369659,0.1014349088072776,1.0,0.0,0.0,0.0
1774190861,C,1774190815,12,1774190861.4357526,-0.0085399700328707,0.4974694848060608,0.1021055504679679,1.0,0.0,0.0,0.0
1774190861,C,1774190815,13,1774190861.4357648,-0.009348040446639,0.4973994195461273,0.1023069992661476,1.0,0.0,0.0,0.0
1774190861,C,1774190815,14,1774190861.4357789,-0.0102521460503339,0.4973669350147247,0.1023394539952278,1.0,0.0,0.0,0.0
1774190861,C,1774190815,15,1774190861.4357927,-0.0107192350551486,0.4973650276660919,0.1022900119423866,1.0,0.0,0.0,0.0
1774190861,C,1774190815,16,1774190861.4358077,-0.0127797303721308,0.4974815845489502,0.1015575900673866,1.0,0.0,0.0,0.0
1774190861,C,1774190815,17,1774190861.4358232,-0.0139947589486837,0.49762824177742,0.1007948294281959,1.0,0.0,0.0,0.0
1774190861,C,1774190815,18,1774190861.435841,-0.0152236809954047,0.4978231191635132,0.0998117849230766,1.0,0.0,0.0,0.0
1774190861,C,1774190815,19,1774190861.4358592,-0.0168780144304037,0.4981096982955932,0.0983468294143676,1.0,0.0,0.0,0.0
1774190861,C,1774190815,20,1774190861.4358728,-0.0178650524467229,0.4982962310314178,0.0973720625042915,1.0,0.0,0.0,0.0
1774190861,C,1774190815,21,1774190861.4358854,-0.0186947453767061,0.4985287189483642,0.0961976870894432,1.0,0.0,0.0,0.0
1774190861,C,1774190815,22,1774190861.435902,-0.0192206222563982,0.4988306164741516,0.0947457179427146,1.0,0.0,0.0,0.0
1774190861,C,1774190815,23,1774190861.4359205,-0.0194411762058734,0.4991931319236755,0.0930646732449531,1.0,0.0,0.0,0.0
1774190861,C,1774190815,24,1774190861.4359343,-0.019443217664957,0.4995958805084228,0.0912348553538322,1.0,0.0,0.0,0.0
1774190861,C,1774190815,25,1774190861.4359508,-0.0192646645009517,0.499984472990036,0.0894776880741119,1.0,0.0,0.0,0.0
1774190861,C,1774190815,26,1774190861.435967,-0.0188228879123926,0.5003319978713989,0.0879246219992637,1.0,0.0,0.0,0.0
1774190861,C,1774190815,27,1774190861.4359815,-0.0181172974407672,0.5006501078605652,0.0865473747253418,1.0,0.0,0.0,0.0
1774190861,C,1774190815,28,1774190861.4360254,-0.0172991063445806,0.5009155869483948,0.085427239537239,1.0,0.0,0.0,0.0
1774190861,C,1774190815,29,1774190861.4360435,-0.0163854602724313,0.5010884404182434,0.0847454965114593,1.0,0.0,0.0,0.0
1774190861,C,1774190815,30,1774190861.436059,-0.0158523712307214,0.5011460781097412,0.0845514982938766,1.0,0.0,0.0,0.0
1774190861,C,1774190815,31,1774190861.4360774,-0.0146413464099168,0.5012332797050476,0.0843202918767929,1.0,0.0,0.0,0.0
1774190861,C,1774190815,32,1774190861.4360926,-0.0132768945768475,0.5013116598129272,0.0841454043984413,1.0,0.0,0.0,0.0
1774190861,C,1774190815,33,1774190861.4361095,-0.0118773700669407,0.5013706684112549,0.0840373933315277,1.0,0.0,0.0,0.0
1774190861,C,1774190815,34,1774190861.4361243,-0.0105136856436729,0.5013961791992188,0.0840705260634422,1.0,0.0,0.0,0.0
1774190861,C,1774190815,35,1774190861.4361384,-0.0092095779255032,0.5014137029647827,0.084119476377964,1.0,0.0,0.0,0.0
1774190861,C,1774190815,36,1774190861.4361513,-0.0080636469647288,0.5014246702194214,0.0841623693704605,1.0,0.0,0.0,0.0
1774190861,C,1774190815,37,1774190861.4361637,-0.0070975185371935,0.5013955235481262,0.0843783915042877,1.0,0.0,0.0,0.0
1774190861,C,1774190815,38,1774190861.4361763,-0.0062223440036177,0.5013070106506348,0.0848757997155189,1.0,0.0,0.0,0.0
1774190861,C,1774190815,39,1774190861.436189,-0.0054076677188277,0.5011747479438782,0.085568219423294,1.0,0.0,0.0,0.0
1774190861,C,1774190815,40,1774190861.4362009,-0.0047216080129146,0.5010186433792114,0.0863513723015785,1.0,0.0,0.0,0.0
1774190861,C,1774190815,41,1774190861.436215,-0.0042034443467855,0.5008655786514282,0.0870977342128753,1.0,0.0,0.0,0.0
1774190861,C,1774190815,42,1774190861.4362297,-0.0038422918878495,0.5007388591766357,0.0877011194825172,1.0,0.0,0.0,0.0
1774190861,C,1774190815,43,1774190861.4362454,-0.00367266475223,0.5006527304649353,0.0880980491638183,1.0,0.0,0.0,0.0
1774190861,C,1774190815,44,1774190861.4362605,-0.0036893847864121,0.5006197094917297,0.0882300287485122,1.0,0.0,0.0,0.0
1774190861,C,1774190815,45,1774190861.4362729,-0.003784614149481,0.5006352066993713,0.0881413891911506,1.0,0.0,0.0,0.0
1774190861,C,1774190815,46,1774190861.4362855,-0.003873940790072,0.5006747841835022,0.0879440307617187,1.0,0.0,0.0,0.0
1774190864,C,1774190816,0,1774190864.883665,-0.0050463089719414,0.4976807534694671,0.101135678589344,1.0,0.0,0.0,0.0
1774190864,C,1774190816,1,1774190864.8837132,-0.0050233085639774,0.4976546764373779,0.1012487486004829,1.0,0.0,0.0,0.0
1774190864,C,1774190816,2,1774190864.8837347,-0.0050214538350701,0.4976222813129425,0.1013889610767364,1.0,0.0,0.0,0.0
1774190864,C,1774190816,3,1774190864.8838017,-0.0050302841700613,0.4975877404212951,0.101531483232975,1.0,0.0,0.0,0.0
1774190864,C,1774190816,4,1774190864.8838215,-0.0050356886349618,0.4975524544715881,0.1016761511564254,1.0,0.0,0.0,0.0
1774190864,C,1774190816,5,1774190864.883922,-0.0050606681033968,0.4975084364414215,0.1018566712737083,1.0,0.0,0.0,0.0
1774190864,C,1774190816,6,1774190864.883963,-0.0050851781852543,0.4974477291107178,0.1021074056625366,1.0,0.0,0.0,0.0
1774190864,C,1774190816,7,1774190864.8840528,-0.0051242890767753,0.4973697364330292,0.1024275049567222,1.0,0.0,0.0,0.0
1774190864,C,1774190816,8,1774190864.8840792,-0.005210593342781,0.4972492158412933,0.1029159501194953,1.0,0.0,0.0,0.0
1774190864,C,1774190816,9,1774190864.884159,-0.0053080949001014,0.4970919191837311,0.1035458594560623,1.0,0.0,0.0,0.0
1774190864,C,1774190816,10,1774190864.884223,-0.0054219919256865,0.4969301521778106,0.1041848435997963,1.0,0.0,0.0,0.0
1774190864,C,1774190816,11,1774190864.8842542,-0.0054927854798734,0.4968538880348205,0.1044833585619926,1.0,0.0,0.0,0.0
1774190864,C,1774190816,12,1774190864.8842728,-0.0056740664876997,0.4967195093631744,0.1050017774105072,1.0,0.0,0.0,0.0
1774190864,C,1774190816,13,1774190864.8842924,-0.0058158175088465,0.4966586530208587,0.1052333936095237,1.0,0.0,0.0,0.0
1774190864,C,1774190816,14,1774190864.8843107,-0.0061943656764924,0.49654421210289,0.105665199458599,1.0,0.0,0.0,0.0
1774190864,C,1774190816,15,1774190864.884331,-0.0066797561012208,0.4964278042316437,0.1060959622263908,1.0,0.0,0.0,0.0
1774190864,C,1774190816,16,1774190864.884349,-0.0072700739838182,0.4963080286979675,0.106526531279087,1.0,0.0,0.0,0.0
1774190864,C,1774190816,17,1774190864.8850958,-0.0079526407644152,0.4961887001991272,0.1069438382983207,1.0,0.0,0.0,0.0
1774190864,C,1774190816,18,1774190864.885146,-0.0091016078367829,0.4960550963878631,0.1073746383190155,1.0,0.0,0.0,0.0
1774190864,C,1774190816,19,1774190864.8851745,-0.0099418368190526,0.496013343334198,0.1074667870998382,1.0,0.0,0.0,0.0
1774190864,C,1774190816,20,1774190864.885198,-0.0108328917995095,0.4960131347179413,0.1073832660913467,1.0,0.0,0.0,0.0
1774190864,C,1774190816,21,1774190864.885221,-0.0117415636777877,0.4960716366767883,0.1070581749081611,1.0,0.0,0.0,0.0
1774190864,C,1774190816,22,1774190864.8852608,-0.0121850436553359,0.4961309134960174,0.1067733094096183,1.0,0.0,0.0,0.0
1774190864,C,1774190816,23,1774190864.885284,-0.0130630386993289,0.4962853193283081,0.1060609892010688,1.0,0.0,0.0,0.0
1774190864,C,1774190816,24,1774190864.8853068,-0.0135153140872716,0.4963695406913757,0.1056738272309303,1.0,0.0,0.0,0.0
1774190864,C,1774190816,25,1774190864.8853376,-0.0148645509034395,0.4966354370117187,0.1044385731220245,1.0,0.0,0.0,0.0
1774190864,C,1774190816,26,1774190864.885366,-0.0156671088188886,0.4968226253986358,0.1035649105906486,1.0,0.0,0.0,0.0
1774190864,C,1774190816,27,1774190864.885397,-0.01640560105443,0.4970249533653259,0.1026298552751541,1.0,0.0,0.0,0.0
1774190864,C,1774190816,28,1774190864.8854272,-0.0174079313874244,0.4973940551280975,0.1009417027235031,1.0,0.0,0.0,0.0
1774190864,C,1774190816,29,1774190864.885457,-0.0180194191634655,0.4976995885372162,0.0995563194155693,1.0,0.0,0.0,0.0
1774190864,C,1774190816,30,1774190864.885491,-0.0184502489864826,0.4980411529541015,0.0980269834399223,1.0,0.0,0.0,0.0
1774190864,C,1774190816,31,1774190864.885522,-0.0186300333589315,0.4984109103679657,0.0963964834809303,1.0,0.0,0.0,0.0
1774190864,C,1774190816,32,1774190864.8855517,-0.0186351370066404,0.4985991716384887,0.0955723002552986,1.0,0.0,0.0,0.0
1774190864,C,1774190816,33,1774190864.8855877,-0.0185890514403581,0.4987838268280029,0.0947652161121368,1.0,0.0,0.0,0.0
1774190864,C,1774190816,34,1774190864.8856187,-0.0181951317936182,0.4992946684360504,0.0925561711192131,1.0,0.0,0.0,0.0
1774190864,C,1774190816,35,1774190864.8856523,-0.0176239497959613,0.4995814263820648,0.0913356691598892,1.0,0.0,0.0,0.0
1774190864,C,1774190816,36,1774190864.8856738,-0.016723470762372,0.4998438060283661,0.090261660516262,1.0,0.0,0.0,0.0
1774190864,C,1774190816,37,1774190864.8856978,-0.0161714069545269,0.4999749958515167,0.0897431895136833,1.0,0.0,0.0,0.0
1774190864,C,1774190816,38,1774190864.8857238,-0.0149781666696071,0.5002286434173584,0.0887579917907714,1.0,0.0,0.0,0.0
1774190864,C,1774190816,39,1774190864.885749,-0.013716896995902,0.5004400014877319,0.0879607647657394,1.0,0.0,0.0,0.0
1774190864,C,1774190816,40,1774190864.8857722,-0.012436126358807,0.5005861520767212,0.0874449238181114,1.0,0.0,0.0,0.0
1774190864,C,1774190816,41,1774190864.8857996,-0.011225233785808,0.5006561875343323,0.0872739404439926,1.0,0.0,0.0,0.0
1774190864,C,1774190816,42,1774190864.885827,-0.0100449584424495,0.5006634593009949,0.0873844847083091,1.0,0.0,0.0,0.0
1774190864,C,1774190816,43,1774190864.8858497,-0.00946197938174,0.500652551651001,0.0874980166554451,1.0,0.0,0.0,0.0
1774190864,C,1774190816,44,1774190864.885872,-0.0083725405856966,0.5006083250045776,0.0878107473254203,1.0,0.0,0.0,0.0
1774190864,C,1774190816,45,1774190864.8858967,-0.0074042454361915,0.5005441308021545,0.0881887525320053,1.0,0.0,0.0,0.0
1774190864,C,1774190816,46,1774190864.8859246,-0.006551245227456,0.5004638433456421,0.0886150225996971,1.0,0.0,0.0,0.0
1774190864,C,1774190816,47,1774190864.885951,-0.0061656921170651,0.5004205703735352,0.0888353288173675,1.0,0.0,0.0,0.0
1774190864,C,1774190816,48,1774190864.8859828,-0.0054707857780158,0.5003448724746704,0.0892235711216926,1.0,0.0,0.0,0.0
1774190864,C,1774190816,49,1774190864.8860228,-0.0049093579873442,0.5002926588058472,0.0895028859376907,1.0,0.0,0.0,0.0
1774190864,C,1774190816,50,1774190864.886064,-0.0044217882677912,0.5002450942993164,0.0897480398416519,1.0,0.0,0.0,0.0
1774190864,C,1774190816,51,1774190864.886114,-0.004094602074474,0.5002229809761047,0.0898648053407669,1.0,0.0,0.0,0.0
1774190864,C,1774190816,52,1774190864.8861556,-0.0040086233057081,0.500220775604248,0.0898710563778877,1.0,0.0,0.0,0.0
1774190864,C,1774190816,53,1774190864.8861947,-0.0038068674039095,0.500194251537323,0.0899767950177192,1.0,0.0,0.0,0.0
1774190864,C,1774190816,54,1774190864.8862336,-0.0035945617128163,0.5001114010810852,0.0903084948658943,1.0,0.0,0.0,0.0
